{
    "Tottenham": [51.603240, -0.067810],
    "Newcastle": [54.977821, -1.629360],
    "Sheffield United": [53.369830, -1.476730],
    "Manchester United": [53.461658, -2.288270],
    "Nottingham Forest": [52.938230, -1.133260], 
    "Manchester City": [53.484206, -2.202812],
    "Luton": [51.884014, -0.43236],
    "Wolves": [52.590195, -2.131226],
    "Leicester" : [52.620622, -1.143047],
    "Leeds": [53.777714, -1.573104],
    "Bournemouth" : [50.735313, -1.839234],
    "Arsenal" : [51.554291, -0.108475],
    "Aston Villa" : [52.508486, -1.884946], 
    "Brentford" : [51.490339, -0.288307],
    "Brighton" : [50.860916, -0.08428], 
    "Chelsea" : [51.481124, -0.190297],
    "Everton" : [53.439197, -2.967017],
    "Fulham" : [51.47452, -0.22061],
    "Ipswich" : [52.054732, 1.144614],
    "Liverpool" : [53.431267, -2.961584], 
    "West Ham" : [51.538636, -0.016403],
    "Burnley" : [53.78847, -2.230325],
    "Huddersfield" : [53.654643, -1.76894],
    "Southampton" : [50.90653, -1.390823],
    "Swansea City" : [51.642156, -3.935119],
    "West Brom" : [52.509003, -1.963299],
    "Stoke City" : [52.988255, -2.176078],
    "Watford" : [51.649275, -0.400727],
    "Cardiff City" : [51.47332, -3.206425],
    "Norwich City" : [52.6220315, 1.3093222],
    "Crystal Palace" : [51.397894, -0.085923],

    "Deportivo": [43.3686, -8.4180],
    "Rayo Vallecano": [40.3918, -3.6586],
    "Sevilla": [37.3841, -5.9706],
    "Atletico Madrid": [40.4362, -3.5995],
    "Barcelona": [41.3635, 2.1537],
    "Athletic Club": [43.2641, -2.9495],
    "Getafe": [40.3259, -3.7143],
    "Real Madrid": [40.4531, -3.6883],
    "Valencia": [39.4749, -0.3583],
    "Villarreal": [39.9443, -0.1030],
    "Eibar": [43.1838, -2.4735],
    "Espanyol": [41.3474, 2.0750],
    "Celta Vigo": [42.2110, -8.7395],
    "Levante": [39.4946, -0.3649],
    "Real Sociedad": [43.3012, -1.9730],
    "Granada": [37.1387, -3.5881],
    "Sporting Gijon": [43.5363, -5.6378],
    "Malaga": [36.7406, -4.4261],
    "Real Betis": [37.3565, -5.9810],
    "Las Palmas": [28.0997, -15.4560],
    "Osasuna": [42.7961, -1.6370],
    "Leganes": [40.3373, -3.7635],
    "Alaves": [42.8460, -2.6880],
    "Girona": [41.9635, 2.8370],
    "SD Huesca": [42.1277, -0.4325],
    "Real Valladolid": [41.6282, -4.7619],
    "Mallorca": [39.5893, 2.6303],
    "Cadiz": [36.5154, -6.2822],
    "Elche": [38.2669, -0.6630],

    "Angers": [47.4806, -0.5636],
    "PSG": [48.8414, 2.2530],
    "GFC Ajaccio": [41.9262, 8.7644],
    "Lorient": [47.7480, -3.3700],
    "Lyon": [45.7650, 4.9820],
    "Nice": [43.7050, 7.1920],
    "Toulouse": [43.6043, 1.4437],
    "Troyes": [48.2970, 4.0830],
    "Montpellier": [43.6187, 3.8328],
    "Reims": [49.2583, 4.0317],
    "Bordeaux": [44.8970, -0.5630],
    "Caen": [49.1850, -0.3620],
    "Nantes": [47.2550, -1.5250],
    "Rennes": [48.1140, -1.7120],
    "SC Bastia": [42.6480, 9.4320],
    "Guingamp": [48.5630, -3.1510],
    "Marseille": [43.2700, 5.3950],
    "Saint-Etienne": [45.4600, 4.3900],
    "Lille": [50.6110, 3.1300],
    "Monaco": [43.7270, 7.4150],
    "Dijon": [47.3220, 5.0410],
    "Nancy": [48.6830, 6.1900],
    "Metz": [49.1110, 6.1640],
    "Strasbourg": [48.5600, 7.7630],
    "Amiens": [49.8940, 2.2770],
    "Nimes": [43.8220, 4.3600],
    "Brest": [48.3900, -4.4900],
    "Lens": [50.4310, 2.8310],
    "Clermont Foot": [45.8000, 3.1100],

    "FC Koln": [50.9333, 6.8750],
    "Augsburg": [48.3539, 10.8940],
    "Hamburger SV": [53.5870, 9.8986],
    "Mainz 05": [49.9842, 8.2312],
    "VfB Stuttgart": [48.7920, 9.2320],
    "Werder Bremen": [53.0664, 8.8370],
    "Wolfsburg": [52.4320, 10.8030],
    "Borussia Dortmund": [51.4926, 7.4519],
    "Eintracht Frankfurt": [50.0680, 8.6450],
    "Darmstadt": [49.8728, 8.6512],
    "Borussia M.Gladbach": [51.1740, 6.3850],
    "Hannover 96": [52.3230, 9.8190],
    "Hertha Berlin": [52.5146, 13.2395],
    "Hoffenheim": [49.2380, 8.8900],
    "Ingolstadt": [48.7700, 11.4380],
    "Bayer Leverkusen": [51.0380, 6.9840],
    "Bayern Munich": [48.2188, 11.6247],
    "Schalke 04": [51.5540, 7.0670],
    "Freiburg": [47.9930, 7.8490],
    "RB Leipzig": [51.3450, 12.3480],
    "Fortuna Duesseldorf": [51.2610, 6.7330],
    "Nuernberg": [49.4260, 11.1240],
    "Paderborn": [51.7180, 8.7380],
    "Union Berlin": [52.4570, 13.5680],
    "Arminia Bielefeld": [52.0200, 8.5160],
    "Greuther Fuerth": [49.4770, 10.9900],
    "Bochum": [51.4890, 7.2330],

    "Chievo": [45.4429, 10.9684],
    "Empoli": [43.7228, 10.9469],
    "Juventus": [45.1096, 7.6413],
    "Lazio": [41.9331, 12.4544],
    "Udinese": [46.0763, 13.2055],
    "Roma": [41.9331, 12.4544],
    "Torino": [45.0410, 7.6521],
    "Bologna": [44.4939, 11.3090],
    "Frosinone": [41.6375, 13.3422],
    "Genoa": [44.4163, 8.9525],
    "Inter": [45.4785, 9.1222],
    "Napoli": [40.8270, 14.1930],
    "Sassuolo": [44.6980, 10.6540],
    "Verona": [45.4429, 10.9684],
    "Palermo": [38.1157, 13.3615],
    "AC Milan": [45.4785, 9.1222],
    "Fiorentina": [43.7807, 11.2825],
    "Sampdoria": [44.4163, 8.9525],
    "Atalanta": [45.7096, 9.6809],
    "Pescara": [42.4643, 14.2254],
    "Cagliari": [39.1920, 9.1210],
    "Crotone": [39.0800, 17.1220],
    "Benevento": [41.1256, 14.7860],
    "SPAL": [44.8350, 11.6200],
    "Parma Calcio 1913": [44.8060, 10.3279],
    "Brescia": [45.5410, 10.2260],
    "Lecce": [40.3510, 18.1740],
    "Spezia": [44.1040, 9.8280],
    "Venezia": [45.4210, 12.3340],
    "Salernitana": [40.6770, 14.7590]
}

