{
    "Tottenham": [51.603240, -0.067810],
    "Newcastle": [54.977821, -1.629360],
    "Sheffield United": [53.369830, -1.476730],
    "Manchester United": [53.461658, -2.288270],
    "Nottingham Forest": [52.938230, -1.133260], 
    "Manchester City": [53.484206, -2.202812],
    "Luton": [51.884014, -0.43236],
    "Wolves": [52.590195, -2.131226],
    "Leicester" : [52.620622, -1.143047],
    "Leeds": [53.777714, -1.573104],
    "Bournemouth" : [50.735313, -1.839234],
    "Arsenal" : [51.554291, -0.108475],
    "Aston Villa" : [52.508486, -1.884946], 
    "Brentford" : [51.490339, -0.288307],
    "Brighton" : [50.860916, -0.08428], 
    "Chelsea" : [51.481124, -0.190297],
    "Everton" : [53.439197, -2.967017],
    "Fulham" : [51.47452, -0.22061],
    "Ipswich" : [52.054732, 1.144614],
    "Liverpool" : [53.431267, -2.961584], 
    "West Ham" : [51.538636, -0.016403],
    "Burnley" : [53.78847, -2.230325],
    "Huddersfield" : [53.654643, -1.76894],
    "Southampton" : [50.90653, -1.390823],
    "Swansea" : [51.642156, -3.935119],
    "West Brom" : [52.509003, -1.963299],
    "Stoke City" : [52.988255, -2.176078],
    "Watford" : [51.649275, -0.400727],
    "Cardiff City" : [51.47332, -3.206425],
    "Norwich City" : [52.6220315, 1.3093222],
    "Crystal Palace" : [51.397894, -0.085923]
}

